subject_id,subject_label,subject_category,predicate_id,predicate_category,object_id,object_label,object_category,mapping_justification,license,author_id,comment
http://id.nlm.nih.gov/mesh/D000069856,Staghorn Calculi,http://id.nlm.nih.gov/mesh/D004194,skos:relatedMatch,skos:mappingRelation,DOID:585,nephrolithiasis,http://purl.obolibrary.org/obo/DOID_4,semapv:ManualMappingCuration,https://creativecommons.org/licenses/by/4.0/,orcid:0000-0002-7500-8096,Concept is a subcategory of kidney calculi. Mappings to MONDO and DOID are replicated here.
http://id.nlm.nih.gov/mesh/D000069856,Staghorn Calculi,http://id.nlm.nih.gov/mesh/D004194,skos:relatedMatch,skos:mappingRelation,MONDO:0008171,nephrolithaisis,http://purl.obolibrary.org/obo/MONDO_0000001,semapv:ManualMappingCuration,https://creativecommons.org/licenses/by/4.0/,orcid:0000-0002-7500-8096,Concept is a subcategory of kidney calculi. Mappings to MONDO and DOID are replicated here.
http://id.nlm.nih.gov/mesh/D000092702,Chronic Kidney Diseases of Uncertain Etiology,http://id.nlm.nih.gov/mesh/D004194,skos:narrowMatch,skos:mappingRelation,DOID:784,chronic kidney disease,http://purl.obolibrary.org/obo/DOID_4,semapv:ManualMappingCuration,https://creativecommons.org/licenses/by/4.0/,orcid:0000-0002-7500-8096,Mapping  identified based on name overlap  chronic kidney disease in mapped ontology concept name.
http://id.nlm.nih.gov/mesh/D000092702,Chronic Kidney Diseases of Uncertain Etiology,http://id.nlm.nih.gov/mesh/D004194,skos:narrowMatch,skos:mappingRelation,MONDO:0005300,chronic kidney disease,http://purl.obolibrary.org/obo/MONDO_0000001,semapv:ManualMappingCuration,https://creativecommons.org/licenses/by/4.0/,orcid:0000-0002-7500-8096,Mapping  identified based on name overlap  chronic kidney disease in mapped ontology concept name.
http://id.nlm.nih.gov/mesh/D007015,"Hypophosphatemia, Familial",http://id.nlm.nih.gov/mesh/D004194,skos:narrowMatch,skos:mappingRelation,MONDO:0000313,hypophosphatemia,http://purl.obolibrary.org/obo/MONDO_0000001,semapv:ManualMappingCuration,https://creativecommons.org/licenses/by/4.0/,orcid:0000-0002-7500-8096,Mapping  identified based on name overlap hypophosphatemia in mapped ontology concept name.
http://id.nlm.nih.gov/mesh/D007015,"Hypophosphatemia, Familial",http://id.nlm.nih.gov/mesh/D004194,skos:narrowMatch,skos:mappingRelation,DOID:0050336,hypophosphatemia,http://purl.obolibrary.org/obo/DOID_4,semapv:ManualMappingCuration,https://creativecommons.org/licenses/by/4.0/,orcid:0000-0002-7500-8096,Mapping  identified based on name overlap hypophosphatemia in mapped ontology concept name.
http://id.nlm.nih.gov/mesh/D000098985,Emphysematous Pyelonephritis,http://id.nlm.nih.gov/mesh/D004194,skos:narrowMatch,skos:mappingRelation,DOID:11400,pyelonephritis,http://purl.obolibrary.org/obo/DOID_4,semapv:ManualMappingCuration,https://creativecommons.org/licenses/by/4.0/,orcid:0000-0002-7500-8096,Mapping  identified based on name overlap Pyelonephritis in mapped ontology concept name.
http://id.nlm.nih.gov/mesh/D000098985,Emphysematous Pyelonephritis,http://id.nlm.nih.gov/mesh/D004194,skos:narrowMatch,skos:mappingRelation,HP:0012330,Pyelonephritis,http://purl.obolibrary.org/obo/HP_0000118,semapv:ManualMappingCuration,https://creativecommons.org/licenses/by/4.0/,orcid:0000-0002-7500-8096,Mapping  identified based on name overlap Pyelonephritis in mapped ontology concept name.
http://id.nlm.nih.gov/mesh/D000098985,Emphysematous Pyelonephritis,http://id.nlm.nih.gov/mesh/D004194,skos:narrowMatch,skos:mappingRelation,MONDO:0006939,pyelonephritis,http://purl.obolibrary.org/obo/MONDO_0000001,semapv:ManualMappingCuration,https://creativecommons.org/licenses/by/4.0/,orcid:0000-0002-7500-8096,Mapping  identified based on name overlap Pyelonephritis in mapped ontology concept name.
http://id.nlm.nih.gov/mesh/D000141,"Acidosis, Renal Tubular",http://id.nlm.nih.gov/mesh/D004194,skos:exactMatch,skos:mappingRelation,DOID:14219,renal tubular acidosis,http://purl.obolibrary.org/obo/DOID_4,semapv:ManualMappingCuration,https://creativecommons.org/licenses/by/4.0/,orcid:0000-0002-7500-8096,
http://id.nlm.nih.gov/mesh/D000141,"Acidosis, Renal Tubular",http://id.nlm.nih.gov/mesh/D004194,skos:exactMatch,skos:mappingRelation,HP:0001947,Renal tubular acidosis,http://purl.obolibrary.org/obo/HP_0000118,semapv:ManualMappingCuration,https://creativecommons.org/licenses/by/4.0/,orcid:0000-0002-7500-8096,
http://id.nlm.nih.gov/mesh/D000141,"Acidosis, Renal Tubular",http://id.nlm.nih.gov/mesh/D004194,skos:broadMatch,skos:mappingRelation,HP:0002049,Proximal renal tubular acidosis,http://purl.obolibrary.org/obo/HP_0000118,semapv:ManualMappingCuration,https://creativecommons.org/licenses/by/4.0/,orcid:0000-0002-7500-8096,
http://id.nlm.nih.gov/mesh/D000141,"Acidosis, Renal Tubular",http://id.nlm.nih.gov/mesh/D004194,skos:broadMatch,skos:mappingRelation,HP:0008341,Distal renal tubular acidosis,http://purl.obolibrary.org/obo/HP_0000118,semapv:ManualMappingCuration,https://creativecommons.org/licenses/by/4.0/,orcid:0000-0002-7500-8096,
http://id.nlm.nih.gov/mesh/D000141,"Acidosis, Renal Tubular",http://id.nlm.nih.gov/mesh/D004194,skos:exactMatch,skos:mappingRelation,MONDO:0001909,renal tubular acidosis,http://purl.obolibrary.org/obo/MONDO_0000001,semapv:ManualMappingCuration,https://creativecommons.org/licenses/by/4.0/,orcid:0000-0002-7500-8096,
http://id.nlm.nih.gov/mesh/D000608,Renal Aminoacidurias,http://id.nlm.nih.gov/mesh/D004194,skos:exactMatch,skos:mappingRelation,MONDO:0006944,renal aminoaciduria,http://purl.obolibrary.org/obo/MONDO_0000001,semapv:ManualMappingCuration,https://creativecommons.org/licenses/by/4.0/,orcid:0000-0002-7500-8096,
http://id.nlm.nih.gov/mesh/D001002,Anuria,http://id.nlm.nih.gov/mesh/D004194,skos:exactMatch,skos:mappingRelation,DOID:2983,anuria,http://purl.obolibrary.org/obo/DOID_4,semapv:ManualMappingCuration,https://creativecommons.org/licenses/by/4.0/,orcid:0000-0002-7500-8096,
http://id.nlm.nih.gov/mesh/D001002,Anuria,http://id.nlm.nih.gov/mesh/D004194,skos:exactMatch,skos:mappingRelation,HP:0100519,Anuria,http://purl.obolibrary.org/obo/HP_0000118,semapv:ManualMappingCuration,https://creativecommons.org/licenses/by/4.0/,orcid:0000-0002-7500-8096,
http://id.nlm.nih.gov/mesh/D001002,Anuria,http://id.nlm.nih.gov/mesh/D004194,skos:exactMatch,skos:mappingRelation,MONDO:0002476,anuria,http://purl.obolibrary.org/obo/MONDO_0000001,semapv:ManualMappingCuration,https://creativecommons.org/licenses/by/4.0/,orcid:0000-0002-7500-8096,
http://id.nlm.nih.gov/mesh/D001449,Balkan Nephropathy,http://id.nlm.nih.gov/mesh/D004194,skos:exactMatch,skos:mappingRelation,DOID:3052,Balkan nephropathy,http://purl.obolibrary.org/obo/DOID_4,semapv:ManualMappingCuration,https://creativecommons.org/licenses/by/4.0/,orcid:0000-0002-7500-8096,
http://id.nlm.nih.gov/mesh/D001449,Balkan Nephropathy,http://id.nlm.nih.gov/mesh/D004194,skos:narrowMatch,skos:mappingRelation,HP:0000112,Nephropathy,http://purl.obolibrary.org/obo/HP_0000118,semapv:ManualMappingCuration,https://creativecommons.org/licenses/by/4.0/,orcid:0000-0002-7500-8096,Mapping  identified by use of nephropathy in alternative names of MeSH concepts.
http://id.nlm.nih.gov/mesh/D001449,Balkan Nephropathy,http://id.nlm.nih.gov/mesh/D004194,skos:exactMatch,skos:mappingRelation,MONDO:0007416,Balkan nephropathy,http://purl.obolibrary.org/obo/MONDO_0000001,semapv:ManualMappingCuration,https://creativecommons.org/licenses/by/4.0/,orcid:0000-0002-7500-8096,
http://id.nlm.nih.gov/mesh/D001477,Bartter Syndrome,http://id.nlm.nih.gov/mesh/D004194,skos:exactMatch,skos:mappingRelation,DOID:445,Bartter disease,http://purl.obolibrary.org/obo/DOID_4,semapv:ManualMappingCuration,https://creativecommons.org/licenses/by/4.0/,orcid:0000-0002-7500-8096,
http://id.nlm.nih.gov/mesh/D001477,Bartter Syndrome,http://id.nlm.nih.gov/mesh/D004194,skos:exactMatch,skos:mappingRelation,MONDO:0015231,Bartter syndrome,http://purl.obolibrary.org/obo/MONDO_0000001,semapv:ManualMappingCuration,https://creativecommons.org/licenses/by/4.0/,orcid:0000-0002-7500-8096,
http://id.nlm.nih.gov/mesh/D002292,"Carcinoma, Renal Cell",http://id.nlm.nih.gov/mesh/D004194,skos:exactMatch,skos:mappingRelation,DOID:4450,renal cell carcinoma,http://purl.obolibrary.org/obo/DOID_4,semapv:ManualMappingCuration,https://creativecommons.org/licenses/by/4.0/,orcid:0000-0002-7500-8096,
http://id.nlm.nih.gov/mesh/D002292,"Carcinoma, Renal Cell",http://id.nlm.nih.gov/mesh/D004194,skos:broadMatch,skos:mappingRelation,DOID:4464,collecting duct carcinoma,http://purl.obolibrary.org/obo/DOID_4,semapv:ManualMappingCuration,https://creativecommons.org/licenses/by/4.0/,orcid:0000-0002-7500-8096,
http://id.nlm.nih.gov/mesh/D002292,"Carcinoma, Renal Cell",http://id.nlm.nih.gov/mesh/D004194,skos:broadMatch,skos:mappingRelation,DOID:4465,papillary renal cell carcinoma,http://purl.obolibrary.org/obo/DOID_4,semapv:ManualMappingCuration,https://creativecommons.org/licenses/by/4.0/,orcid:0000-0002-7500-8096,
http://id.nlm.nih.gov/mesh/D002292,"Carcinoma, Renal Cell",http://id.nlm.nih.gov/mesh/D004194,skos:broadMatch,skos:mappingRelation,DOID:4467,renal clear cell carcinoma,http://purl.obolibrary.org/obo/DOID_4,semapv:ManualMappingCuration,https://creativecommons.org/licenses/by/4.0/,orcid:0000-0002-7500-8096,
http://id.nlm.nih.gov/mesh/D002292,"Carcinoma, Renal Cell",http://id.nlm.nih.gov/mesh/D004194,skos:broadMatch,skos:mappingRelation,DOID:4471,chromophobe renal cell carcinoma,http://purl.obolibrary.org/obo/DOID_4,semapv:ManualMappingCuration,https://creativecommons.org/licenses/by/4.0/,orcid:0000-0002-7500-8096,
http://id.nlm.nih.gov/mesh/D002292,"Carcinoma, Renal Cell",http://id.nlm.nih.gov/mesh/D004194,skos:broadMatch,skos:mappingRelation,DOID:4473,sarcomatoid renal cell carcinoma,http://purl.obolibrary.org/obo/DOID_4,semapv:ManualMappingCuration,https://creativecommons.org/licenses/by/4.0/,orcid:0000-0002-7500-8096,
http://id.nlm.nih.gov/mesh/D002292,"Carcinoma, Renal Cell",http://id.nlm.nih.gov/mesh/D004194,skos:exactMatch,skos:mappingRelation,HP:0005584,Renal cell carcinoma,http://purl.obolibrary.org/obo/HP_0000118,semapv:ManualMappingCuration,https://creativecommons.org/licenses/by/4.0/,orcid:0000-0002-7500-8096,
http://id.nlm.nih.gov/mesh/D002292,"Carcinoma, Renal Cell",http://id.nlm.nih.gov/mesh/D004194,skos:broadMatch,skos:mappingRelation,HP:0006770,Clear cell renal cell carcinoma,http://purl.obolibrary.org/obo/HP_0000118,semapv:ManualMappingCuration,https://creativecommons.org/licenses/by/4.0/,orcid:0000-0002-7500-8096,
http://id.nlm.nih.gov/mesh/D002292,"Carcinoma, Renal Cell",http://id.nlm.nih.gov/mesh/D004194,skos:broadMatch,skos:mappingRelation,HP:0006766,Papillary renal cell carcinoma,http://purl.obolibrary.org/obo/HP_0000118,semapv:ManualMappingCuration,https://creativecommons.org/licenses/by/4.0/,orcid:0000-0002-7500-8096,
http://id.nlm.nih.gov/mesh/D002292,"Carcinoma, Renal Cell",http://id.nlm.nih.gov/mesh/D004194,skos:exactMatch,skos:mappingRelation,MONDO:0005086,renal cell carcinoma,http://purl.obolibrary.org/obo/MONDO_0000001,semapv:ManualMappingCuration,https://creativecommons.org/licenses/by/4.0/,orcid:0000-0002-7500-8096,
http://id.nlm.nih.gov/mesh/D003555,Cystinuria,http://id.nlm.nih.gov/mesh/D004194,skos:exactMatch,skos:mappingRelation,HP:0003131,Cystinuria,http://purl.obolibrary.org/obo/HP_0000118,semapv:ManualMappingCuration,https://creativecommons.org/licenses/by/4.0/,orcid:0000-0002-7500-8096,
http://id.nlm.nih.gov/mesh/D003555,Cystinuria,http://id.nlm.nih.gov/mesh/D004194,skos:exactMatch,skos:mappingRelation,DOID:9266,cystinuria,http://purl.obolibrary.org/obo/DOID_4,semapv:ManualMappingCuration,https://creativecommons.org/licenses/by/4.0/,orcid:0000-0002-7500-8096,
http://id.nlm.nih.gov/mesh/D003555,Cystinuria,http://id.nlm.nih.gov/mesh/D004194,skos:exactMatch,skos:mappingRelation,MONDO:0009067,cystinuria,http://purl.obolibrary.org/obo/MONDO_0000001,semapv:ManualMappingCuration,https://creativecommons.org/licenses/by/4.0/,orcid:0000-0002-7500-8096,
http://id.nlm.nih.gov/mesh/D003919,Diabetes Insipidus,http://id.nlm.nih.gov/mesh/D004194,skos:exactMatch,skos:mappingRelation,HP:0000873,Diabetes insipidus,http://purl.obolibrary.org/obo/HP_0000118,semapv:ManualMappingCuration,https://creativecommons.org/licenses/by/4.0/,orcid:0000-0002-7500-8096,
http://id.nlm.nih.gov/mesh/D003919,Diabetes Insipidus,http://id.nlm.nih.gov/mesh/D004194,skos:exactMatch,skos:mappingRelation,DOID:9409,diabetes insipidus,http://purl.obolibrary.org/obo/DOID_4,semapv:ManualMappingCuration,https://creativecommons.org/licenses/by/4.0/,orcid:0000-0002-7500-8096,
http://id.nlm.nih.gov/mesh/D003919,Diabetes Insipidus,http://id.nlm.nih.gov/mesh/D004194,skos:exactMatch,skos:mappingRelation,MONDO:0004782,diabetes insipidus,http://purl.obolibrary.org/obo/MONDO_0000001,semapv:ManualMappingCuration,https://creativecommons.org/licenses/by/4.0/,orcid:0000-0002-7500-8096,
http://id.nlm.nih.gov/mesh/D003928,Diabetic Nephropathies,http://id.nlm.nih.gov/mesh/D004194,skos:exactMatch,skos:mappingRelation,MONDO:0005016,diabetic kidney disease,http://purl.obolibrary.org/obo/MONDO_0000001,semapv:ManualMappingCuration,https://creativecommons.org/licenses/by/4.0/,orcid:0000-0002-7500-8096,
http://id.nlm.nih.gov/mesh/D005198,Fanconi Syndrome,http://id.nlm.nih.gov/mesh/D004194,skos:exactMatch,skos:mappingRelation,DOID:1062,Fanconi syndrome,http://purl.obolibrary.org/obo/DOID_4,semapv:ManualMappingCuration,https://creativecommons.org/licenses/by/4.0/,orcid:0000-0002-7500-8096,
http://id.nlm.nih.gov/mesh/D005198,Fanconi Syndrome,http://id.nlm.nih.gov/mesh/D004194,skos:exactMatch,skos:mappingRelation,HP:0001994,Renal Fanconi syndrome,http://purl.obolibrary.org/obo/HP_0000118,semapv:ManualMappingCuration,https://creativecommons.org/licenses/by/4.0/,orcid:0000-0002-7500-8096,
http://id.nlm.nih.gov/mesh/D005198,Fanconi Syndrome,http://id.nlm.nih.gov/mesh/D004194,skos:narrowMatch,skos:mappingRelation,HP:0000112,Nephropathy,http://purl.obolibrary.org/obo/HP_0000118,semapv:ManualMappingCuration,https://creativecommons.org/licenses/by/4.0/,orcid:0000-0002-7500-8096,Mapping  identified by use of nephropathy in alternative names of MeSH concepts.
http://id.nlm.nih.gov/mesh/D005198,Fanconi Syndrome,http://id.nlm.nih.gov/mesh/D004194,skos:exactMatch,skos:mappingRelation,MONDO:0001083,Fanconi renotubular syndrome,http://purl.obolibrary.org/obo/MONDO_0000001,semapv:ManualMappingCuration,https://creativecommons.org/licenses/by/4.0/,orcid:0000-0002-7500-8096,
http://id.nlm.nih.gov/mesh/D005921,Glomerulonephritis,http://id.nlm.nih.gov/mesh/D004194,skos:exactMatch,skos:mappingRelation,DOID:2921,glomerulonephritis,http://purl.obolibrary.org/obo/DOID_4,semapv:ManualMappingCuration,https://creativecommons.org/licenses/by/4.0/,orcid:0000-0002-7500-8096,
http://id.nlm.nih.gov/mesh/D005921,Glomerulonephritis,http://id.nlm.nih.gov/mesh/D004194,skos:exactMatch,skos:mappingRelation,HP:0000099,Glomerulonephritis,http://purl.obolibrary.org/obo/HP_0000118,semapv:ManualMappingCuration,https://creativecommons.org/licenses/by/4.0/,orcid:0000-0002-7500-8096,
http://id.nlm.nih.gov/mesh/D005921,Glomerulonephritis,http://id.nlm.nih.gov/mesh/D004194,skos:exactMatch,skos:mappingRelation,MONDO:0002462,glomerulonephritis,http://purl.obolibrary.org/obo/MONDO_0000001,semapv:ManualMappingCuration,https://creativecommons.org/licenses/by/4.0/,orcid:0000-0002-7500-8096,
http://id.nlm.nih.gov/mesh/D005922,"Glomerulonephritis, IGA",http://id.nlm.nih.gov/mesh/D004194,skos:exactMatch,skos:mappingRelation,DOID:2986,IgA glomerulonephritis,http://purl.obolibrary.org/obo/DOID_4,semapv:ManualMappingCuration,https://creativecommons.org/licenses/by/4.0/,orcid:0000-0002-7500-8096,
http://id.nlm.nih.gov/mesh/D005922,"Glomerulonephritis, IGA",http://id.nlm.nih.gov/mesh/D004194,skos:exactMatch,skos:mappingRelation,HP:0000794,IgA deposition in the glomerulu,http://purl.obolibrary.org/obo/HP_0000118,semapv:ManualMappingCuration,https://creativecommons.org/licenses/by/4.0/,orcid:0000-0002-7500-8096,
http://id.nlm.nih.gov/mesh/D005922,"Glomerulonephritis, IGA",http://id.nlm.nih.gov/mesh/D004194,skos:narrowMatch,skos:mappingRelation,HP:0000112,Nephropathy,http://purl.obolibrary.org/obo/HP_0000118,semapv:ManualMappingCuration,https://creativecommons.org/licenses/by/4.0/,orcid:0000-0002-7500-8096,Mapping  identified by use of nephropathy in alternative names of MeSH concepts.
http://id.nlm.nih.gov/mesh/D005922,"Glomerulonephritis, IGA",http://id.nlm.nih.gov/mesh/D004194,skos:exactMatch,skos:mappingRelation,MONDO:0005342,IgA glomerulonephritis,http://purl.obolibrary.org/obo/MONDO_0000001,semapv:ManualMappingCuration,https://creativecommons.org/licenses/by/4.0/,orcid:0000-0002-7500-8096,
http://id.nlm.nih.gov/mesh/D005923,"Glomerulosclerosis, Focal Segmental",http://id.nlm.nih.gov/mesh/D004194,skos:exactMatch,skos:mappingRelation,DOID:1312,focal segmental glomerulosclerosis,http://purl.obolibrary.org/obo/DOID_4,semapv:ManualMappingCuration,https://creativecommons.org/licenses/by/4.0/,orcid:0000-0002-7500-8096,
http://id.nlm.nih.gov/mesh/D005923,"Glomerulosclerosis, Focal Segmental",http://id.nlm.nih.gov/mesh/D004194,skos:exactMatch,skos:mappingRelation,HP:0000097,Focal segmental glomerulosclerosis,http://purl.obolibrary.org/obo/HP_0000118,semapv:ManualMappingCuration,https://creativecommons.org/licenses/by/4.0/,orcid:0000-0002-7500-8096,
http://id.nlm.nih.gov/mesh/D005923,"Glomerulosclerosis, Focal Segmental",http://id.nlm.nih.gov/mesh/D004194,skos:exactMatch,skos:mappingRelation,MONDO:0005363,focal segmental glomerulosclerosis,http://purl.obolibrary.org/obo/MONDO_0000001,semapv:ManualMappingCuration,https://creativecommons.org/licenses/by/4.0/,orcid:0000-0002-7500-8096,
http://id.nlm.nih.gov/mesh/D006030,"Glycosuria, Renal",http://id.nlm.nih.gov/mesh/D004194,skos:exactMatch,skos:mappingRelation,DOID:9432,renal glycosuria,http://purl.obolibrary.org/obo/DOID_4,semapv:ManualMappingCuration,https://creativecommons.org/licenses/by/4.0/,orcid:0000-0002-7500-8096,
http://id.nlm.nih.gov/mesh/D006030,"Glycosuria, Renal",http://id.nlm.nih.gov/mesh/D004194,skos:exactMatch,skos:mappingRelation,MONDO:0009297,familial renal glucosuria,http://purl.obolibrary.org/obo/MONDO_0000001,semapv:ManualMappingCuration,https://creativecommons.org/licenses/by/4.0/,orcid:0000-0002-7500-8096,
http://id.nlm.nih.gov/mesh/D006250,Hartnup Disease,http://id.nlm.nih.gov/mesh/D004194,skos:exactMatch,skos:mappingRelation,DOID:1060,Hartnup disease,http://purl.obolibrary.org/obo/DOID_4,semapv:ManualMappingCuration,https://creativecommons.org/licenses/by/4.0/,orcid:0000-0002-7500-8096,
http://id.nlm.nih.gov/mesh/D006250,Hartnup Disease,http://id.nlm.nih.gov/mesh/D004194,skos:exactMatch,skos:mappingRelation,MONDO:0009324,Hartnup disease,http://purl.obolibrary.org/obo/MONDO_0000001,semapv:ManualMappingCuration,https://creativecommons.org/licenses/by/4.0/,orcid:0000-0002-7500-8096,
http://id.nlm.nih.gov/mesh/D006463,Hemolytic-Uremic Syndrome,http://id.nlm.nih.gov/mesh/D004194,skos:exactMatch,skos:mappingRelation,DOID:12554,hemolytic-uremic syndrome,http://purl.obolibrary.org/obo/DOID_4,semapv:ManualMappingCuration,https://creativecommons.org/licenses/by/4.0/,orcid:0000-0002-7500-8096,
http://id.nlm.nih.gov/mesh/D006463,Hemolytic-Uremic Syndrome,http://id.nlm.nih.gov/mesh/D004194,skos:exactMatch,skos:mappingRelation,HP:0005575,Hemolytic-uremic syndrome,http://purl.obolibrary.org/obo/HP_0000118,semapv:ManualMappingCuration,https://creativecommons.org/licenses/by/4.0/,orcid:0000-0002-7500-8096,
http://id.nlm.nih.gov/mesh/D006463,Hemolytic-Uremic Syndrome,http://id.nlm.nih.gov/mesh/D004194,skos:exactMatch,skos:mappingRelation,MONDO:0001549,hemolytic-uremic syndrome,http://purl.obolibrary.org/obo/MONDO_0000001,semapv:ManualMappingCuration,https://creativecommons.org/licenses/by/4.0/,orcid:0000-0002-7500-8096,
http://id.nlm.nih.gov/mesh/D006530,Hepatorenal Syndrome,http://id.nlm.nih.gov/mesh/D004194,skos:exactMatch,skos:mappingRelation,DOID:11823,hepatorenal syndrome,http://purl.obolibrary.org/obo/DOID_4,semapv:ManualMappingCuration,https://creativecommons.org/licenses/by/4.0/,orcid:0000-0002-7500-8096,
http://id.nlm.nih.gov/mesh/D006530,Hepatorenal Syndrome,http://id.nlm.nih.gov/mesh/D004194,skos:exactMatch,skos:mappingRelation,MONDO:0001382,hepatorenal syndrome,http://purl.obolibrary.org/obo/MONDO_0000001,semapv:ManualMappingCuration,https://creativecommons.org/licenses/by/4.0/,orcid:0000-0002-7500-8096,
http://id.nlm.nih.gov/mesh/D006869,Hydronephrosis,http://id.nlm.nih.gov/mesh/D004194,skos:exactMatch,skos:mappingRelation,DOID:11111,hydronephrosis,http://purl.obolibrary.org/obo/DOID_4,semapv:ManualMappingCuration,https://creativecommons.org/licenses/by/4.0/,orcid:0000-0002-7500-8096,
http://id.nlm.nih.gov/mesh/D006869,Hydronephrosis,http://id.nlm.nih.gov/mesh/D004194,skos:exactMatch,skos:mappingRelation,HP:0000126,Hydronephrosis,http://purl.obolibrary.org/obo/HP_0000118,semapv:ManualMappingCuration,https://creativecommons.org/licenses/by/4.0/,orcid:0000-0002-7500-8096,
http://id.nlm.nih.gov/mesh/D006869,Hydronephrosis,http://id.nlm.nih.gov/mesh/D004194,skos:exactMatch,skos:mappingRelation,MONDO:0005510,hydronephrosis,http://purl.obolibrary.org/obo/MONDO_0000001,semapv:ManualMappingCuration,https://creativecommons.org/licenses/by/4.0/,orcid:0000-0002-7500-8096,
http://id.nlm.nih.gov/mesh/D006959,Hyperoxaluria,http://id.nlm.nih.gov/mesh/D004194,skos:narrowMatch,skos:mappingRelation,DOID:2977,primary hyperoxaluria,http://purl.obolibrary.org/obo/DOID_4,semapv:ManualMappingCuration,https://creativecommons.org/licenses/by/4.0/,orcid:0000-0002-7500-8096,
http://id.nlm.nih.gov/mesh/D006960,"Hyperoxaluria, Primary",http://id.nlm.nih.gov/mesh/D004194,skos:exactMatch,skos:mappingRelation,DOID:2977,primary hyperoxaluria,http://purl.obolibrary.org/obo/DOID_4,semapv:ManualMappingCuration,https://creativecommons.org/licenses/by/4.0/,orcid:0000-0002-7500-8096,
http://id.nlm.nih.gov/mesh/D006960,"Hyperoxaluria, Primary",http://id.nlm.nih.gov/mesh/D004194,skos:exactMatch,skos:mappingRelation,MONDO:0002474,primary hyperoxaluria,http://purl.obolibrary.org/obo/MONDO_0000001,semapv:ManualMappingCuration,https://creativecommons.org/licenses/by/4.0/,orcid:0000-0002-7500-8096,
http://id.nlm.nih.gov/mesh/D006977,"Hypertension, Renal",http://id.nlm.nih.gov/mesh/D004194,skos:exactMatch,skos:mappingRelation,DOID:1073,renal hypertension,http://purl.obolibrary.org/obo/DOID_4,semapv:ManualMappingCuration,https://creativecommons.org/licenses/by/4.0/,orcid:0000-0002-7500-8096,
http://id.nlm.nih.gov/mesh/D006977,"Hypertension, Renal",http://id.nlm.nih.gov/mesh/D004194,skos:exactMatch,skos:mappingRelation,MONDO:0001105,renal hypertension,http://purl.obolibrary.org/obo/MONDO_0000001,semapv:ManualMappingCuration,https://creativecommons.org/licenses/by/4.0/,orcid:0000-0002-7500-8096,
http://id.nlm.nih.gov/mesh/D006978,"Hypertension, Renovascular",http://id.nlm.nih.gov/mesh/D004194,skos:exactMatch,skos:mappingRelation,DOID:1591,renovascular hypertension,http://purl.obolibrary.org/obo/DOID_4,semapv:ManualMappingCuration,https://creativecommons.org/licenses/by/4.0/,orcid:0000-0002-7500-8096,
http://id.nlm.nih.gov/mesh/D006978,"Hypertension, Renovascular",http://id.nlm.nih.gov/mesh/D004194,skos:exactMatch,skos:mappingRelation,HP:0100817,Renovascular hypertension,http://purl.obolibrary.org/obo/HP_0000118,semapv:ManualMappingCuration,https://creativecommons.org/licenses/by/4.0/,orcid:0000-0002-7500-8096,
http://id.nlm.nih.gov/mesh/D007669,Kidney Calculi,http://id.nlm.nih.gov/mesh/D004194,skos:relatedMatch,skos:mappingRelation,DOID:585,nephrolithiasis,http://purl.obolibrary.org/obo/DOID_4,semapv:ManualMappingCuration,https://creativecommons.org/licenses/by/4.0/,orcid:0000-0002-7500-8096,Idenfied using Experimental Factor Ontology (EOF) paths to Mapping  MeSH and DOID concepts.
http://id.nlm.nih.gov/mesh/D004194,Kidney Calculi,http://id.nlm.nih.gov/mesh/D004194,skos:relatedMatch,skos:mappingRelation,MONDO:0008171,nephrolithaisis,http://purl.obolibrary.org/obo/MONDO_0000001,semapv:ManualMappingCuration,https://creativecommons.org/licenses/by/4.0/,orcid:0000-0002-7500-8096,Idenfied using Experimental Factor Ontology (EOF) paths to Mapping  MeSH and MONDO concepts.
http://id.nlm.nih.gov/mesh/D007673,Kidney Cortex Necrosis,http://id.nlm.nih.gov/mesh/D004194,skos:exactMatch,skos:mappingRelation,DOID:2973,kidney cortex necrosis,http://purl.obolibrary.org/obo/DOID_4,semapv:ManualMappingCuration,https://creativecommons.org/licenses/by/4.0/,orcid:0000-0002-7500-8096,
http://id.nlm.nih.gov/mesh/D007673,Kidney Cortex Necrosis,http://id.nlm.nih.gov/mesh/D004194,skos:exactMatch,skos:mappingRelation,MONDO:0006820,kidney cortex necrosis,http://purl.obolibrary.org/obo/MONDO_0000001,semapv:ManualMappingCuration,https://creativecommons.org/licenses/by/4.0/,orcid:0000-0002-7500-8096,
http://id.nlm.nih.gov/mesh/D007674,Kidney Diseases,http://id.nlm.nih.gov/mesh/D004194,skos:relatedMatch,skos:mappingRelation,HP:0000077,Abnormality of the kidney,http://purl.obolibrary.org/obo/HP_0000118,semapv:ManualMappingCuration,https://creativecommons.org/licenses/by/4.0/,orcid:0000-0002-7500-8096,
http://id.nlm.nih.gov/mesh/D007674,Kidney Diseases,http://id.nlm.nih.gov/mesh/D004194,skos:exactMatch,skos:mappingRelation,DOID:557,kidney disease,http://purl.obolibrary.org/obo/DOID_4,semapv:ManualMappingCuration,https://creativecommons.org/licenses/by/4.0/,orcid:0000-0002-7500-8096,
http://id.nlm.nih.gov/mesh/D007674,Kidney Diseases,http://id.nlm.nih.gov/mesh/D004194,skos:relatedMatch,skos:mappingRelation,HP:0000112,Nephropathy,http://purl.obolibrary.org/obo/HP_0000118,semapv:ManualMappingCuration,https://creativecommons.org/licenses/by/4.0/,orcid:0000-0002-7500-8096,
http://id.nlm.nih.gov/mesh/D007674,Kidney Diseases,http://id.nlm.nih.gov/mesh/D004194,skos:exactMatch,skos:mappingRelation,MONDO:0005240,kidney disease,http://purl.obolibrary.org/obo/MONDO_0000001,semapv:ManualMappingCuration,https://creativecommons.org/licenses/by/4.0/,orcid:0000-0002-7500-8096,
http://id.nlm.nih.gov/mesh/D007676,"Kidney Failure, Chronic",http://id.nlm.nih.gov/mesh/D004194,skos:exactMatch,skos:mappingRelation,DOID:784,chronic kidney disease,http://purl.obolibrary.org/obo/DOID_4,semapv:ManualMappingCuration,https://creativecommons.org/licenses/by/4.0/,orcid:0000-0002-7500-8096,
http://id.nlm.nih.gov/mesh/D007676,"Kidney Failure, Chronic",http://id.nlm.nih.gov/mesh/D004194,skos:exactMatch,skos:mappingRelation,MONDO:0005300,chronic kidney disease,http://purl.obolibrary.org/obo/MONDO_0000001,semapv:ManualMappingCuration,https://creativecommons.org/licenses/by/4.0/,orcid:0000-0002-7500-8096,
http://id.nlm.nih.gov/mesh/D007680,Kidney Neoplasms,http://id.nlm.nih.gov/mesh/D004194,skos:exactMatch,skos:mappingRelation,DOID:263,kidney neoplasm,http://purl.obolibrary.org/obo/DOID_4,semapv:ManualMappingCuration,https://creativecommons.org/licenses/by/4.0/,orcid:0000-0002-7500-8096,
http://id.nlm.nih.gov/mesh/D007680,Kidney Neoplasms,http://id.nlm.nih.gov/mesh/D004194,skos:exactMatch,skos:mappingRelation,HP:0009726,Renal neoplasm,http://purl.obolibrary.org/obo/HP_0000118,semapv:ManualMappingCuration,https://creativecommons.org/licenses/by/4.0/,orcid:0000-0002-7500-8096,
http://id.nlm.nih.gov/mesh/D007680,Kidney Neoplasms,http://id.nlm.nih.gov/mesh/D004194,skos:exactMatch,skos:mappingRelation,MONDO:0002367,kidney cancer,http://purl.obolibrary.org/obo/MONDO_0000001,semapv:ManualMappingCuration,https://creativecommons.org/licenses/by/4.0/,orcid:0000-0002-7500-8096,
http://id.nlm.nih.gov/mesh/D007681,Kidney Papillary Necrosis,http://id.nlm.nih.gov/mesh/D004194,skos:exactMatch,skos:mappingRelation,DOID:2981,kidney papillary necrosis,http://purl.obolibrary.org/obo/DOID_4,semapv:ManualMappingCuration,https://creativecommons.org/licenses/by/4.0/,orcid:0000-0002-7500-8096,
http://id.nlm.nih.gov/mesh/D007681,Kidney Papillary Necrosis,http://id.nlm.nih.gov/mesh/D004194,skos:exactMatch,skos:mappingRelation,MONDO:0006821,kidney papillary necrosis,http://purl.obolibrary.org/obo/MONDO_0000001,semapv:ManualMappingCuration,https://creativecommons.org/licenses/by/4.0/,orcid:0000-0002-7500-8096,
http://id.nlm.nih.gov/mesh/D007683,"Kidney Tubular Necrosis, Acute",http://id.nlm.nih.gov/mesh/D004194,skos:exactMatch,skos:mappingRelation,DOID:12556,acute kidney tubular necrosis,http://purl.obolibrary.org/obo/DOID_4,semapv:ManualMappingCuration,https://creativecommons.org/licenses/by/4.0/,orcid:0000-0002-7500-8096,
http://id.nlm.nih.gov/mesh/D007683,"Kidney Tubular Necrosis, Acute",http://id.nlm.nih.gov/mesh/D004194,skos:exactMatch,skos:mappingRelation,HP:0008682,Renal tubular epithelial necrosis,http://purl.obolibrary.org/obo/HP_0000118,semapv:ManualMappingCuration,https://creativecommons.org/licenses/by/4.0/,orcid:0000-0002-7500-8096,
http://id.nlm.nih.gov/mesh/D007683,"Kidney Tubular Necrosis, Acute",http://id.nlm.nih.gov/mesh/D004194,skos:exactMatch,skos:mappingRelation,MONDO:0006637,acute kidney tubular necrosis,http://purl.obolibrary.org/obo/MONDO_0000001,semapv:ManualMappingCuration,https://creativecommons.org/licenses/by/4.0/,orcid:0000-0002-7500-8096,
http://id.nlm.nih.gov/mesh/D007690,Polycystic Kidney Diseases,http://id.nlm.nih.gov/mesh/D004194,skos:exactMatch,skos:mappingRelation,DOID:898,autosomal dominant polycystic kidney disease,http://purl.obolibrary.org/obo/DOID_4,semapv:ManualMappingCuration,https://creativecommons.org/licenses/by/4.0/,orcid:0000-0002-7500-8096,
http://id.nlm.nih.gov/mesh/D007690,Polycystic Kidney Diseases,http://id.nlm.nih.gov/mesh/D004194,skos:exactMatch,skos:mappingRelation,HP:0000113,Polycystic kidney dysplasia,http://purl.obolibrary.org/obo/HP_0000118,semapv:ManualMappingCuration,https://creativecommons.org/licenses/by/4.0/,orcid:0000-0002-7500-8096,
http://id.nlm.nih.gov/mesh/D007690,Polycystic Kidney Diseases,http://id.nlm.nih.gov/mesh/D004194,skos:exactMatch,skos:mappingRelation,MONDO:0020642,polycystic kidney disease,http://purl.obolibrary.org/obo/MONDO_0000001,semapv:ManualMappingCuration,https://creativecommons.org/licenses/by/4.0/,orcid:0000-0002-7500-8096,
http://id.nlm.nih.gov/mesh/D007691,Medullary Sponge Kidney,http://id.nlm.nih.gov/mesh/D004194,skos:exactMatch,skos:mappingRelation,MONDO:0015268,medullary sponge kidney,http://purl.obolibrary.org/obo/MONDO_0000001,semapv:ManualMappingCuration,https://creativecommons.org/licenses/by/4.0/,orcid:0000-0002-7500-8096,
http://id.nlm.nih.gov/mesh/D008181,Lupus Nephritis,http://id.nlm.nih.gov/mesh/D004194,skos:exactMatch,skos:mappingRelation,DOID:0080162,lupus nephritis,http://purl.obolibrary.org/obo/DOID_4,semapv:ManualMappingCuration,https://creativecommons.org/licenses/by/4.0/,orcid:0000-0002-7500-8096,
http://id.nlm.nih.gov/mesh/D008181,Lupus Nephritis,http://id.nlm.nih.gov/mesh/D004194,skos:exactMatch,skos:mappingRelation,MONDO:0005556,lupus nephritis,http://purl.obolibrary.org/obo/MONDO_0000001,semapv:ManualMappingCuration,https://creativecommons.org/licenses/by/4.0/,orcid:0000-0002-7500-8096,
http://id.nlm.nih.gov/mesh/D009393,Nephritis,http://id.nlm.nih.gov/mesh/D004194,skos:exactMatch,skos:mappingRelation,DOID:10952,nephritis,http://purl.obolibrary.org/obo/DOID_4,semapv:ManualMappingCuration,https://creativecommons.org/licenses/by/4.0/,orcid:0000-0002-7500-8096,
http://id.nlm.nih.gov/mesh/D009393,Nephritis,http://id.nlm.nih.gov/mesh/D004194,skos:exactMatch,skos:mappingRelation,HP:0000123,Nephritis,http://purl.obolibrary.org/obo/HP_0000118,semapv:ManualMappingCuration,https://creativecommons.org/licenses/by/4.0/,orcid:0000-0002-7500-8096,
http://id.nlm.nih.gov/mesh/D009393,Nephritis,http://id.nlm.nih.gov/mesh/D004194,skos:narrowMatch,skos:mappingRelation,HP:0000112,Nephropathy,http://purl.obolibrary.org/obo/HP_0000118,semapv:ManualMappingCuration,https://creativecommons.org/licenses/by/4.0/,orcid:0000-0002-7500-8096,Mapping  identified by use of nephropathy in alternative names of MeSH concepts.
http://id.nlm.nih.gov/mesh/D009393,Nephritis,http://id.nlm.nih.gov/mesh/D004194,skos:exactMatch,skos:mappingRelation,MONDO:0001166,nephritis,http://purl.obolibrary.org/obo/MONDO_0000001,semapv:ManualMappingCuration,https://creativecommons.org/licenses/by/4.0/,orcid:0000-0002-7500-8096,
http://id.nlm.nih.gov/mesh/D009394,"Nephritis, Hereditary",http://id.nlm.nih.gov/mesh/D004194,skos:exactMatch,skos:mappingRelation,DOID:10983,Alport syndrome,http://purl.obolibrary.org/obo/DOID_4,semapv:ManualMappingCuration,https://creativecommons.org/licenses/by/4.0/,orcid:0000-0002-7500-8096,
http://id.nlm.nih.gov/mesh/D009394,"Nephritis, Hereditary",http://id.nlm.nih.gov/mesh/D004194,skos:narrowMatch,skos:mappingRelation,HP:0000112,Nephropathy,http://purl.obolibrary.org/obo/HP_0000118,semapv:ManualMappingCuration,https://creativecommons.org/licenses/by/4.0/,orcid:0000-0002-7500-8096,Mapping  identified by use of nephropathy in alternative names of MeSH concepts.
http://id.nlm.nih.gov/mesh/D009394,"Nephritis, Hereditary",http://id.nlm.nih.gov/mesh/D004194,skos:exactMatch,skos:mappingRelation,MONDO:0005334,hereditary nephritis,http://purl.obolibrary.org/obo/MONDO_0000001,semapv:ManualMappingCuration,https://creativecommons.org/licenses/by/4.0/,orcid:0000-0002-7500-8096,
http://id.nlm.nih.gov/mesh/D009395,"Nephritis, Interstitial",http://id.nlm.nih.gov/mesh/D004194,skos:exactMatch,skos:mappingRelation,DOID:1063,interstitial nephritis,http://purl.obolibrary.org/obo/DOID_4,semapv:ManualMappingCuration,https://creativecommons.org/licenses/by/4.0/,orcid:0000-0002-7500-8096,
http://id.nlm.nih.gov/mesh/D009395,"Nephritis, Interstitial",http://id.nlm.nih.gov/mesh/D004194,skos:exactMatch,skos:mappingRelation,HP:0001970,Tubulointerstitial nephritis,http://purl.obolibrary.org/obo/HP_0000118,semapv:ManualMappingCuration,https://creativecommons.org/licenses/by/4.0/,orcid:0000-0002-7500-8096,
http://id.nlm.nih.gov/mesh/D009395,"Nephritis, Interstitial",http://id.nlm.nih.gov/mesh/D004194,skos:narrowMatch,skos:mappingRelation,HP:0001969,Abnormal tubulointerstitial morphology,http://purl.obolibrary.org/obo/HP_0000118,semapv:ManualMappingCuration,https://creativecommons.org/licenses/by/4.0/,orcid:0000-0002-7500-8096,
http://id.nlm.nih.gov/mesh/D009395,"Nephritis, Interstitial",http://id.nlm.nih.gov/mesh/D004194,skos:narrowMatch,skos:mappingRelation,HP:0000112,Nephropathy,http://purl.obolibrary.org/obo/HP_0000118,semapv:ManualMappingCuration,https://creativecommons.org/licenses/by/4.0/,orcid:0000-0002-7500-8096,Mapping  identified by use of nephropathy in alternative names of MeSH concepts.
http://id.nlm.nih.gov/mesh/D009395,"Nephritis, Interstitial",http://id.nlm.nih.gov/mesh/D004194,skos:exactMatch,skos:mappingRelation,MONDO:0001085,interstitial nephritis,http://purl.obolibrary.org/obo/MONDO_0000001,semapv:ManualMappingCuration,https://creativecommons.org/licenses/by/4.0/,orcid:0000-0002-7500-8096,
http://id.nlm.nih.gov/mesh/D009396,Wilms Tumor,http://id.nlm.nih.gov/mesh/D004194,skos:exactMatch,skos:mappingRelation,DOID:2154,nephroblastoma,http://purl.obolibrary.org/obo/DOID_4,semapv:ManualMappingCuration,https://creativecommons.org/licenses/by/4.0/,orcid:0000-0002-7500-8096,
http://id.nlm.nih.gov/mesh/D009396,Wilms Tumor,http://id.nlm.nih.gov/mesh/D004194,skos:exactMatch,skos:mappingRelation,HP:0002667,Nephroblastoma,http://purl.obolibrary.org/obo/HP_0000118,semapv:ManualMappingCuration,https://creativecommons.org/licenses/by/4.0/,orcid:0000-0002-7500-8096,
http://id.nlm.nih.gov/mesh/D009396,Wilms Tumor,http://id.nlm.nih.gov/mesh/D004194,skos:exactMatch,skos:mappingRelation,MONDO:0006058,Wilms tumor,http://purl.obolibrary.org/obo/MONDO_0000001,semapv:ManualMappingCuration,https://creativecommons.org/licenses/by/4.0/,orcid:0000-0002-7500-8096,
http://id.nlm.nih.gov/mesh/D009397,Nephrocalcinosis,http://id.nlm.nih.gov/mesh/D004194,skos:exactMatch,skos:mappingRelation,DOID:12679,nephrocalcinosis,http://purl.obolibrary.org/obo/DOID_4,semapv:ManualMappingCuration,https://creativecommons.org/licenses/by/4.0/,orcid:0000-0002-7500-8096,
http://id.nlm.nih.gov/mesh/D009397,Nephrocalcinosis,http://id.nlm.nih.gov/mesh/D004194,skos:exactMatch,skos:mappingRelation,HP:0000121,Nephrocalcinosis,http://purl.obolibrary.org/obo/HP_0000118,semapv:ManualMappingCuration,https://creativecommons.org/licenses/by/4.0/,orcid:0000-0002-7500-8096,
http://id.nlm.nih.gov/mesh/D009397,Nephrocalcinosis,http://id.nlm.nih.gov/mesh/D004194,skos:exactMatch,skos:mappingRelation,MONDO:0001567,nephrocalcinosis,http://purl.obolibrary.org/obo/MONDO_0000001,semapv:ManualMappingCuration,https://creativecommons.org/licenses/by/4.0/,orcid:0000-0002-7500-8096,
http://id.nlm.nih.gov/mesh/D009400,Nephrosclerosis,http://id.nlm.nih.gov/mesh/D004194,skos:exactMatch,skos:mappingRelation,DOID:11664,nephrosclerosis,http://purl.obolibrary.org/obo/DOID_4,semapv:ManualMappingCuration,https://creativecommons.org/licenses/by/4.0/,orcid:0000-0002-7500-8096,
http://id.nlm.nih.gov/mesh/D009400,Nephrosclerosis,http://id.nlm.nih.gov/mesh/D004194,skos:exactMatch,skos:mappingRelation,HP:0009741,Nephrosclerosis,http://purl.obolibrary.org/obo/HP_0000118,semapv:ManualMappingCuration,https://creativecommons.org/licenses/by/4.0/,orcid:0000-0002-7500-8096,
http://id.nlm.nih.gov/mesh/D009400,Nephrosclerosis,http://id.nlm.nih.gov/mesh/D004194,skos:exactMatch,skos:mappingRelation,MONDO:0006044,nephrosclerosis,http://purl.obolibrary.org/obo/MONDO_0000001,semapv:ManualMappingCuration,https://creativecommons.org/licenses/by/4.0/,orcid:0000-0002-7500-8096,
http://id.nlm.nih.gov/mesh/D009401,Nephrosis,http://id.nlm.nih.gov/mesh/D004194,skos:exactMatch,skos:mappingRelation,DOID:2527,nephrosis,http://purl.obolibrary.org/obo/DOID_4,semapv:ManualMappingCuration,https://creativecommons.org/licenses/by/4.0/,orcid:0000-0002-7500-8096,
http://id.nlm.nih.gov/mesh/D009401,Nephrosis,http://id.nlm.nih.gov/mesh/D004194,skos:exactMatch,skos:mappingRelation,MONDO:0002331,nephrosis,http://purl.obolibrary.org/obo/MONDO_0000001,semapv:ManualMappingCuration,https://creativecommons.org/licenses/by/4.0/,orcid:0000-0002-7500-8096,
http://id.nlm.nih.gov/mesh/D009402,"Nephrosis, Lipoid",http://id.nlm.nih.gov/mesh/D004194,skos:exactMatch,skos:mappingRelation,DOID:10966,lipoid nephrosis,http://purl.obolibrary.org/obo/DOID_4,semapv:ManualMappingCuration,https://creativecommons.org/licenses/by/4.0/,orcid:0000-0002-7500-8096,
http://id.nlm.nih.gov/mesh/D009402,"Nephrosis, Lipoid",http://id.nlm.nih.gov/mesh/D004194,skos:exactMatch,skos:mappingRelation,HP:0012579,Minimal change glomerulonephritis,http://purl.obolibrary.org/obo/HP_0000118,semapv:ManualMappingCuration,https://creativecommons.org/licenses/by/4.0/,orcid:0000-0002-7500-8096,
http://id.nlm.nih.gov/mesh/D009402,"Nephrosis, Lipoid",http://id.nlm.nih.gov/mesh/D004194,skos:narrowMatch,skos:mappingRelation,HP:0000112,Nephropathy,http://purl.obolibrary.org/obo/HP_0000118,semapv:ManualMappingCuration,https://creativecommons.org/licenses/by/4.0/,orcid:0000-0002-7500-8096,Mapping  identified by use of nephropathy in alternative names of MeSH concepts.
http://id.nlm.nih.gov/mesh/D009402,"Nephrosis, Lipoid",http://id.nlm.nih.gov/mesh/D004194,skos:exactMatch,skos:mappingRelation,MONDO:0006835,lipoid nephrosis,http://purl.obolibrary.org/obo/MONDO_0000001,semapv:ManualMappingCuration,https://creativecommons.org/licenses/by/4.0/,orcid:0000-0002-7500-8096,
http://id.nlm.nih.gov/mesh/D009404,Nephrotic Syndrome,http://id.nlm.nih.gov/mesh/D004194,skos:exactMatch,skos:mappingRelation,DOID:1184,nephrotic syndrome,http://purl.obolibrary.org/obo/DOID_4,semapv:ManualMappingCuration,https://creativecommons.org/licenses/by/4.0/,orcid:0000-0002-7500-8096,
http://id.nlm.nih.gov/mesh/D009404,Nephrotic Syndrome,http://id.nlm.nih.gov/mesh/D004194,skos:exactMatch,skos:mappingRelation,HP:0000100,Nephrotic syndrome,http://purl.obolibrary.org/obo/HP_0000118,semapv:ManualMappingCuration,https://creativecommons.org/licenses/by/4.0/,orcid:0000-0002-7500-8096,
http://id.nlm.nih.gov/mesh/D009404,Nephrotic Syndrome,http://id.nlm.nih.gov/mesh/D004194,skos:exactMatch,skos:mappingRelation,MONDO:0005377,nephrotic syndrome,http://purl.obolibrary.org/obo/MONDO_0000001,semapv:ManualMappingCuration,https://creativecommons.org/licenses/by/4.0/,orcid:0000-0002-7500-8096,
http://id.nlm.nih.gov/mesh/D009800,Oculocerebrorenal Syndrome,http://id.nlm.nih.gov/mesh/D004194,skos:exactMatch,skos:mappingRelation,DOID:1056,oculocerebrorenal syndrome,http://purl.obolibrary.org/obo/DOID_4,semapv:ManualMappingCuration,https://creativecommons.org/licenses/by/4.0/,orcid:0000-0002-7500-8096,
http://id.nlm.nih.gov/mesh/D009800,Oculocerebrorenal Syndrome,http://id.nlm.nih.gov/mesh/D004194,skos:exactMatch,skos:mappingRelation,MONDO:0010645,oculocerebrorenal syndrome,http://purl.obolibrary.org/obo/MONDO_0000001,semapv:ManualMappingCuration,https://creativecommons.org/licenses/by/4.0/,orcid:0000-0002-7500-8096,
http://id.nlm.nih.gov/mesh/D010501,Perinephritis,http://id.nlm.nih.gov/mesh/D004194,skos:exactMatch,skos:mappingRelation,DOID:2982,perinephritis,http://purl.obolibrary.org/obo/DOID_4,semapv:ManualMappingCuration,https://creativecommons.org/licenses/by/4.0/,orcid:0000-0002-7500-8096,
http://id.nlm.nih.gov/mesh/D010501,Perinephritis,http://id.nlm.nih.gov/mesh/D004194,skos:exactMatch,skos:mappingRelation,HP:0012784,Perinephritis,http://purl.obolibrary.org/obo/HP_0000118,semapv:ManualMappingCuration,https://creativecommons.org/licenses/by/4.0/,orcid:0000-0002-7500-8096,
http://id.nlm.nih.gov/mesh/D010501,Perinephritis,http://id.nlm.nih.gov/mesh/D004194,skos:exactMatch,skos:mappingRelation,MONDO:0006900,perinephritis,http://purl.obolibrary.org/obo/MONDO_0000001,semapv:ManualMappingCuration,https://creativecommons.org/licenses/by/4.0/,orcid:0000-0002-7500-8096,
http://id.nlm.nih.gov/mesh/D011546,Pseudohypoaldosteronism,http://id.nlm.nih.gov/mesh/D004194,skos:narrowMatch,skos:mappingRelation,DOID:0060854,autosomal recessive pseudohypoaldosteronism type 1,http://purl.obolibrary.org/obo/DOID_4,semapv:ManualMappingCuration,https://creativecommons.org/licenses/by/4.0/,orcid:0000-0002-7500-8096,
http://id.nlm.nih.gov/mesh/D011546,Pseudohypoaldosteronism,http://id.nlm.nih.gov/mesh/D004194,skos:narrowMatch,skos:mappingRelation,DOID:0060855,autosomal dominant pseudohypoaldosteronism type 1,http://purl.obolibrary.org/obo/DOID_4,semapv:ManualMappingCuration,https://creativecommons.org/licenses/by/4.0/,orcid:0000-0002-7500-8096,
http://id.nlm.nih.gov/mesh/D011546,Pseudohypoaldosteronism,http://id.nlm.nih.gov/mesh/D004194,skos:exactMatch,skos:mappingRelation,DOID:4479,pseudohypoaldosteronism,http://purl.obolibrary.org/obo/DOID_4,semapv:ManualMappingCuration,https://creativecommons.org/licenses/by/4.0/,orcid:0000-0002-7500-8096,
http://id.nlm.nih.gov/mesh/D011546,Pseudohypoaldosteronism,http://id.nlm.nih.gov/mesh/D004194,skos:exactMatch,skos:mappingRelation,HP:0008242,Pseudohypoaldosteronism,http://purl.obolibrary.org/obo/HP_0000118,semapv:ManualMappingCuration,https://creativecommons.org/licenses/by/4.0/,orcid:0000-0002-7500-8096,
http://id.nlm.nih.gov/mesh/D011546,Pseudohypoaldosteronism,http://id.nlm.nih.gov/mesh/D004194,skos:exactMatch,skos:mappingRelation,MONDO:0018638,pseudohypoaldosteronism,http://purl.obolibrary.org/obo/MONDO_0000001,semapv:ManualMappingCuration,https://creativecommons.org/licenses/by/4.0/,orcid:0000-0002-7500-8096,
http://id.nlm.nih.gov/mesh/D011702,Pyelitis,http://id.nlm.nih.gov/mesh/D004194,skos:exactMatch,skos:mappingRelation,DOID:2744,pyelitis,http://purl.obolibrary.org/obo/DOID_4,semapv:ManualMappingCuration,https://creativecommons.org/licenses/by/4.0/,orcid:0000-0002-7500-8096,
http://id.nlm.nih.gov/mesh/D011702,Pyelitis,http://id.nlm.nih.gov/mesh/D004194,skos:exactMatch,skos:mappingRelation,MONDO:0006938,pyelitis,http://purl.obolibrary.org/obo/MONDO_0000001,semapv:ManualMappingCuration,https://creativecommons.org/licenses/by/4.0/,orcid:0000-0002-7500-8096,
http://id.nlm.nih.gov/mesh/D011704,Pyelonephritis,http://id.nlm.nih.gov/mesh/D004194,skos:exactMatch,skos:mappingRelation,DOID:11400,pyelonephritis,http://purl.obolibrary.org/obo/DOID_4,semapv:ManualMappingCuration,https://creativecommons.org/licenses/by/4.0/,orcid:0000-0002-7500-8096,
http://id.nlm.nih.gov/mesh/D011704,Pyelonephritis,http://id.nlm.nih.gov/mesh/D004194,skos:exactMatch,skos:mappingRelation,HP:0012330,Pyelonephritis,http://purl.obolibrary.org/obo/HP_0000118,semapv:ManualMappingCuration,https://creativecommons.org/licenses/by/4.0/,orcid:0000-0002-7500-8096,
http://id.nlm.nih.gov/mesh/D011704,Pyelonephritis,http://id.nlm.nih.gov/mesh/D004194,skos:exactMatch,skos:mappingRelation,MONDO:0006939,pyelonephritis,http://purl.obolibrary.org/obo/MONDO_0000001,semapv:ManualMappingCuration,https://creativecommons.org/licenses/by/4.0/,orcid:0000-0002-7500-8096,
http://id.nlm.nih.gov/mesh/D011705,"Pyelonephritis, Xanthogranulomatous",http://id.nlm.nih.gov/mesh/D004194,skos:exactMatch,skos:mappingRelation,DOID:11401,xanthogranulomatous pyelonephritis,http://purl.obolibrary.org/obo/DOID_4,semapv:ManualMappingCuration,https://creativecommons.org/licenses/by/4.0/,orcid:0000-0002-7500-8096,
http://id.nlm.nih.gov/mesh/D011705,"Pyelonephritis, Xanthogranulomatous",http://id.nlm.nih.gov/mesh/D004194,skos:exactMatch,skos:mappingRelation,MONDO:0007022,xanthogranulomatous pyelonephritis,http://purl.obolibrary.org/obo/MONDO_0000001,semapv:ManualMappingCuration,https://creativecommons.org/licenses/by/4.0/,orcid:0000-0002-7500-8096,
http://id.nlm.nih.gov/mesh/D012078,Renal Artery Obstruction,http://id.nlm.nih.gov/mesh/D004194,skos:exactMatch,skos:mappingRelation,DOID:2972,renal artery obstruction,http://purl.obolibrary.org/obo/DOID_4,semapv:ManualMappingCuration,https://creativecommons.org/licenses/by/4.0/,orcid:0000-0002-7500-8096,
http://id.nlm.nih.gov/mesh/D012078,Renal Artery Obstruction,http://id.nlm.nih.gov/mesh/D004194,skos:exactMatch,skos:mappingRelation,HP:0001920,Renal artery stenosis,http://purl.obolibrary.org/obo/HP_0000118,semapv:ManualMappingCuration,https://creativecommons.org/licenses/by/4.0/,orcid:0000-0002-7500-8096,
http://id.nlm.nih.gov/mesh/D012078,Renal Artery Obstruction,http://id.nlm.nih.gov/mesh/D004194,skos:exactMatch,skos:mappingRelation,MONDO:0006945,renal artery obstruction,http://purl.obolibrary.org/obo/MONDO_0000001,semapv:ManualMappingCuration,https://creativecommons.org/licenses/by/4.0/,orcid:0000-0002-7500-8096,
http://id.nlm.nih.gov/mesh/D012080,Chronic Kidney Disease-Mineral and Bone Disorder,http://id.nlm.nih.gov/mesh/D004194,skos:exactMatch,skos:mappingRelation,DOID:13068,renal osteodystrophy,http://purl.obolibrary.org/obo/DOID_4,semapv:ManualMappingCuration,https://creativecommons.org/licenses/by/4.0/,orcid:0000-0002-7500-8096,
http://id.nlm.nih.gov/mesh/D012080,Chronic Kidney Disease-Mineral and Bone Disorder,http://id.nlm.nih.gov/mesh/D004194,skos:exactMatch,skos:mappingRelation,MONDO:0006946,renal osteodystrophy,http://purl.obolibrary.org/obo/MONDO_0000001,semapv:ManualMappingCuration,https://creativecommons.org/licenses/by/4.0/,orcid:0000-0002-7500-8096,
http://id.nlm.nih.gov/mesh/D014398,"Tuberculosis, Renal",http://id.nlm.nih.gov/mesh/D004194,skos:exactMatch,skos:mappingRelation,DOID:9733,renal tuberculosis,http://purl.obolibrary.org/obo/DOID_4,semapv:ManualMappingCuration,https://creativecommons.org/licenses/by/4.0/,orcid:0000-0002-7500-8096,
http://id.nlm.nih.gov/mesh/D014398,"Tuberculosis, Renal",http://id.nlm.nih.gov/mesh/D004194,skos:exactMatch,skos:mappingRelation,MONDO:0005938,renal tuberculosis,http://purl.obolibrary.org/obo/MONDO_0000001,semapv:ManualMappingCuration,https://creativecommons.org/licenses/by/4.0/,orcid:0000-0002-7500-8096,
http://id.nlm.nih.gov/mesh/D014511,Uremia,http://id.nlm.nih.gov/mesh/D004194,skos:exactMatch,skos:mappingRelation,DOID:4676,uremia,http://purl.obolibrary.org/obo/DOID_4,semapv:ManualMappingCuration,https://creativecommons.org/licenses/by/4.0/,orcid:0000-0002-7500-8096,
http://id.nlm.nih.gov/mesh/D014511,Uremia,http://id.nlm.nih.gov/mesh/D004194,skos:exactMatch,skos:mappingRelation,MONDO:0007008,uremia,http://purl.obolibrary.org/obo/MONDO_0000001,semapv:ManualMappingCuration,https://creativecommons.org/licenses/by/4.0/,orcid:0000-0002-7500-8096,
http://id.nlm.nih.gov/mesh/D014929,Wolfram Syndrome,http://id.nlm.nih.gov/mesh/D004194,skos:exactMatch,skos:mappingRelation,DOID:10632,Wolfram syndrome,http://purl.obolibrary.org/obo/DOID_4,semapv:ManualMappingCuration,https://creativecommons.org/licenses/by/4.0/,orcid:0000-0002-7500-8096,
http://id.nlm.nih.gov/mesh/D014929,Wolfram Syndrome,http://id.nlm.nih.gov/mesh/D004194,skos:exactMatch,skos:mappingRelation,MONDO:0018105,Wolfram syndrome,http://purl.obolibrary.org/obo/MONDO_0000001,semapv:ManualMappingCuration,https://creativecommons.org/licenses/by/4.0/,orcid:0000-0002-7500-8096,
http://id.nlm.nih.gov/mesh/D015211,Zellweger Syndrome,http://id.nlm.nih.gov/mesh/D004194,skos:exactMatch,skos:mappingRelation,DOID:905,Zellweger syndrome,http://purl.obolibrary.org/obo/DOID_4,semapv:ManualMappingCuration,https://creativecommons.org/licenses/by/4.0/,orcid:0000-0002-7500-8096,
http://id.nlm.nih.gov/mesh/D015211,Zellweger Syndrome,http://id.nlm.nih.gov/mesh/D004194,skos:exactMatch,skos:mappingRelation,MONDO:0019609,Zellweger spectrum disorders,http://purl.obolibrary.org/obo/MONDO_0000001,semapv:ManualMappingCuration,https://creativecommons.org/licenses/by/4.0/,orcid:0000-0002-7500-8096,
http://id.nlm.nih.gov/mesh/D015432,"Glomerulonephritis, Membranoproliferative",http://id.nlm.nih.gov/mesh/D004194,skos:exactMatch,skos:mappingRelation,DOID:2920,membranoproliferative glomerulonephritis,http://purl.obolibrary.org/obo/DOID_4,semapv:ManualMappingCuration,https://creativecommons.org/licenses/by/4.0/,orcid:0000-0002-7500-8096,
http://id.nlm.nih.gov/mesh/D015432,"Glomerulonephritis, Membranoproliferative",http://id.nlm.nih.gov/mesh/D004194,skos:exactMatch,skos:mappingRelation,HP:0000793,Membranoproliferative glomerulonephritis,http://purl.obolibrary.org/obo/HP_0000118,semapv:ManualMappingCuration,https://creativecommons.org/licenses/by/4.0/,orcid:0000-0002-7500-8096,
http://id.nlm.nih.gov/mesh/D015432,"Glomerulonephritis, Membranoproliferative",http://id.nlm.nih.gov/mesh/D004194,skos:broadMatch,skos:mappingRelation,HP:0004746,Glomerular subendothelial electron-dense deposits),http://purl.obolibrary.org/obo/HP_0000118,semapv:ManualMappingCuration,https://creativecommons.org/licenses/by/4.0/,orcid:0000-0002-7500-8096,
http://id.nlm.nih.gov/mesh/D015433,"Glomerulonephritis, Membranous",http://id.nlm.nih.gov/mesh/D004194,skos:exactMatch,skos:mappingRelation,DOID:10976,membranous glomerulonephritis,http://purl.obolibrary.org/obo/DOID_4,semapv:ManualMappingCuration,https://creativecommons.org/licenses/by/4.0/,orcid:0000-0002-7500-8096,
http://id.nlm.nih.gov/mesh/D015433,"Glomerulonephritis, Membranous",http://id.nlm.nih.gov/mesh/D004194,skos:exactMatch,skos:mappingRelation,HP:0012578,Membranous nephropathy,http://purl.obolibrary.org/obo/HP_0000118,semapv:ManualMappingCuration,https://creativecommons.org/licenses/by/4.0/,orcid:0000-0002-7500-8096,
http://id.nlm.nih.gov/mesh/D015433,"Glomerulonephritis, Membranous",http://id.nlm.nih.gov/mesh/D004194,skos:narrowMatch,skos:mappingRelation,HP:0000112,Nephropathy,http://purl.obolibrary.org/obo/HP_0000118,semapv:ManualMappingCuration,https://creativecommons.org/licenses/by/4.0/,orcid:0000-0002-7500-8096,Mapping  identified by use of nephropathy in alternative names of MeSH concepts.
http://id.nlm.nih.gov/mesh/D015433,"Glomerulonephritis, Membranous",http://id.nlm.nih.gov/mesh/D004194,skos:exactMatch,skos:mappingRelation,MONDO:0005376,membranous glomerulonephritis,http://purl.obolibrary.org/obo/MONDO_0000001,semapv:ManualMappingCuration,https://creativecommons.org/licenses/by/4.0/,orcid:0000-0002-7500-8096,
http://id.nlm.nih.gov/mesh/D015499,"Renal Tubular Transport, Inborn Errors",http://id.nlm.nih.gov/mesh/D004194,skos:exactMatch,skos:mappingRelation,DOID:447,renal tubular transport disease,http://purl.obolibrary.org/obo/DOID_4,semapv:ManualMappingCuration,https://creativecommons.org/licenses/by/4.0/,orcid:0000-0002-7500-8096,
http://id.nlm.nih.gov/mesh/D015499,"Renal Tubular Transport, Inborn Errors",http://id.nlm.nih.gov/mesh/D004194,skos:exactMatch,skos:mappingRelation,MONDO:0006510,renal tubular transport disease,http://purl.obolibrary.org/obo/MONDO_0000001,semapv:ManualMappingCuration,https://creativecommons.org/licenses/by/4.0/,orcid:0000-0002-7500-8096,
http://id.nlm.nih.gov/mesh/D016263,AIDS-Associated Nephropathy,http://id.nlm.nih.gov/mesh/D004194,skos:exactMatch,skos:mappingRelation,MONDO:0005798,HIV-associated nephropathy,http://purl.obolibrary.org/obo/MONDO_0000001,semapv:ManualMappingCuration,https://creativecommons.org/licenses/by/4.0/,orcid:0000-0002-7500-8096,
http://id.nlm.nih.gov/mesh/D016891,"Polycystic Kidney, Autosomal Dominant",http://id.nlm.nih.gov/mesh/D004194,skos:exactMatch,skos:mappingRelation,MONDO:0004691,autosomal dominant polycystic kidney disease,http://purl.obolibrary.org/obo/MONDO_0000001,semapv:ManualMappingCuration,https://creativecommons.org/licenses/by/4.0/,orcid:0000-0002-7500-8096,
http://id.nlm.nih.gov/mesh/D017044,"Polycystic Kidney, Autosomal Recessive",http://id.nlm.nih.gov/mesh/D004194,skos:exactMatch,skos:mappingRelation,DOID:0110861,autosomal recessive polycystic kidney disease,http://purl.obolibrary.org/obo/DOID_4,semapv:ManualMappingCuration,https://creativecommons.org/licenses/by/4.0/,orcid:0000-0002-7500-8096,
http://id.nlm.nih.gov/mesh/D017624,WAGR Syndrome,http://id.nlm.nih.gov/mesh/D004194,skos:exactMatch,skos:mappingRelation,DOID:14515,WAGR syndrome,http://purl.obolibrary.org/obo/DOID_4,semapv:ManualMappingCuration,https://creativecommons.org/licenses/by/4.0/,orcid:0000-0002-7500-8096,
http://id.nlm.nih.gov/mesh/D017624,WAGR Syndrome,http://id.nlm.nih.gov/mesh/D004194,skos:exactMatch,skos:mappingRelation,MONDO:0008681,WAGR syndrome,http://purl.obolibrary.org/obo/MONDO_0000001,semapv:ManualMappingCuration,https://creativecommons.org/licenses/by/4.0/,orcid:0000-0002-7500-8096,
http://id.nlm.nih.gov/mesh/D018201,"Nephroma, Mesoblastic",http://id.nlm.nih.gov/mesh/D004194,skos:exactMatch,skos:mappingRelation,DOID:4773,congenital mesoblastic nephroma,http://purl.obolibrary.org/obo/DOID_4,semapv:ManualMappingCuration,https://creativecommons.org/licenses/by/4.0/,orcid:0000-0002-7500-8096,
http://id.nlm.nih.gov/mesh/D018201,"Nephroma, Mesoblastic",http://id.nlm.nih.gov/mesh/D004194,skos:exactMatch,skos:mappingRelation,HP:0100881,Congenital mesoblastic nephroma,http://purl.obolibrary.org/obo/HP_0000118,semapv:ManualMappingCuration,https://creativecommons.org/licenses/by/4.0/,orcid:0000-0002-7500-8096,
http://id.nlm.nih.gov/mesh/D018201,"Nephroma, Mesoblastic",http://id.nlm.nih.gov/mesh/D004194,skos:exactMatch,skos:mappingRelation,MONDO:0003130,mesoblastic nephroma,http://purl.obolibrary.org/obo/MONDO_0000001,semapv:ManualMappingCuration,https://creativecommons.org/licenses/by/4.0/,orcid:0000-0002-7500-8096,
http://id.nlm.nih.gov/mesh/D018500,"Diabetes Insipidus, Nephrogenic",http://id.nlm.nih.gov/mesh/D004194,skos:exactMatch,skos:mappingRelation,DOID:12387,nephrogenic diabetes insipidus,http://purl.obolibrary.org/obo/DOID_4,semapv:ManualMappingCuration,https://creativecommons.org/licenses/by/4.0/,orcid:0000-0002-7500-8096,
http://id.nlm.nih.gov/mesh/D018500,"Diabetes Insipidus, Nephrogenic",http://id.nlm.nih.gov/mesh/D004194,skos:exactMatch,skos:mappingRelation,HP:0009806,Nephrogenic diabetes insipidus,http://purl.obolibrary.org/obo/HP_0000118,semapv:ManualMappingCuration,https://creativecommons.org/licenses/by/4.0/,orcid:0000-0002-7500-8096,
http://id.nlm.nih.gov/mesh/D018500,"Diabetes Insipidus, Nephrogenic",http://id.nlm.nih.gov/mesh/D004194,skos:exactMatch,skos:mappingRelation,MONDO:0016383,nephrogenic diabetes insipidus,http://purl.obolibrary.org/obo/MONDO_0000001,semapv:ManualMappingCuration,https://creativecommons.org/licenses/by/4.0/,orcid:0000-0002-7500-8096,
http://id.nlm.nih.gov/mesh/D019867,Anti-Glomerular Basement Membrane Disease,http://id.nlm.nih.gov/mesh/D004194,skos:exactMatch,skos:mappingRelation,DOID:9808,Goodpasture syndrome,http://purl.obolibrary.org/obo/DOID_4,semapv:ManualMappingCuration,https://creativecommons.org/licenses/by/4.0/,orcid:0000-0002-7500-8096,
http://id.nlm.nih.gov/mesh/D019867,Anti-Glomerular Basement Membrane Disease,http://id.nlm.nih.gov/mesh/D004194,skos:exactMatch,skos:mappingRelation,MONDO:0009303,anti-glomerular basement membrane disease,http://purl.obolibrary.org/obo/MONDO_0000001,semapv:ManualMappingCuration,https://creativecommons.org/licenses/by/4.0/,orcid:0000-0002-7500-8096,
http://id.nlm.nih.gov/mesh/D020790,"Diabetes Insipidus, Neurogenic",http://id.nlm.nih.gov/mesh/D004194,skos:exactMatch,skos:mappingRelation,DOID:12388,neurohypophyseal diabetes insipidus,http://purl.obolibrary.org/obo/DOID_4,semapv:ManualMappingCuration,https://creativecommons.org/licenses/by/4.0/,orcid:0000-0002-7500-8096,
http://id.nlm.nih.gov/mesh/D020790,"Diabetes Insipidus, Neurogenic",http://id.nlm.nih.gov/mesh/D004194,skos:exactMatch,skos:mappingRelation,HP:0000863,Central diabetes insipidus,http://purl.obolibrary.org/obo/HP_0000118,semapv:ManualMappingCuration,https://creativecommons.org/licenses/by/4.0/,orcid:0000-0002-7500-8096,
http://id.nlm.nih.gov/mesh/D021782,Multicystic Dysplastic Kidney,http://id.nlm.nih.gov/mesh/D004194,skos:exactMatch,skos:mappingRelation,HP:0000003,Multicystic kidney dysplasia,http://purl.obolibrary.org/obo/HP_0000118,semapv:ManualMappingCuration,https://creativecommons.org/licenses/by/4.0/,orcid:0000-0002-7500-8096,
http://id.nlm.nih.gov/mesh/D021782,Multicystic Dysplastic Kidney,http://id.nlm.nih.gov/mesh/D004194,skos:exactMatch,skos:mappingRelation,MONDO:0015988,multicystic dysplastic kidney,http://purl.obolibrary.org/obo/MONDO_0000001,semapv:ManualMappingCuration,https://creativecommons.org/licenses/by/4.0/,orcid:0000-0002-7500-8096,
http://id.nlm.nih.gov/mesh/D030321,Denys-Drash Syndrome,http://id.nlm.nih.gov/mesh/D004194,skos:exactMatch,skos:mappingRelation,DOID:3764,Denys-Drash syndrome,http://purl.obolibrary.org/obo/DOID_4,semapv:ManualMappingCuration,https://creativecommons.org/licenses/by/4.0/,orcid:0000-0002-7500-8096,
http://id.nlm.nih.gov/mesh/D030321,Denys-Drash Syndrome,http://id.nlm.nih.gov/mesh/D004194,skos:narrowMatch,skos:mappingRelation,HP:0000112,Nephropathy,http://purl.obolibrary.org/obo/HP_0000118,semapv:ManualMappingCuration,https://creativecommons.org/licenses/by/4.0/,orcid:0000-0002-7500-8096,Mapping  identified by use of nephropathy in alternative names of MeSH concepts.
http://id.nlm.nih.gov/mesh/D030321,Denys-Drash Syndrome,http://id.nlm.nih.gov/mesh/D004194,skos:exactMatch,skos:mappingRelation,MONDO:0008682,Denys-Drash syndrome,http://purl.obolibrary.org/obo/MONDO_0000001,semapv:ManualMappingCuration,https://creativecommons.org/licenses/by/4.0/,orcid:0000-0002-7500-8096,
http://id.nlm.nih.gov/mesh/D051436,"Renal Insufficiency, Chronic",http://id.nlm.nih.gov/mesh/D004194,skos:exactMatch,skos:mappingRelation,HP:0012622,Chronic kidney disease,http://purl.obolibrary.org/obo/HP_0000118,semapv:ManualMappingCuration,https://creativecommons.org/licenses/by/4.0/,orcid:0000-0002-7500-8096,
http://id.nlm.nih.gov/mesh/D051436,"Renal Insufficiency, Chronic",http://id.nlm.nih.gov/mesh/D004194,skos:exactMatch,skos:mappingRelation,MONDO:0024327,chronic renal failure syndrome,http://purl.obolibrary.org/obo/MONDO_0000001,semapv:ManualMappingCuration,https://creativecommons.org/licenses/by/4.0/,orcid:0000-0002-7500-8096,
http://id.nlm.nih.gov/mesh/D051437,Renal Insufficiency,http://id.nlm.nih.gov/mesh/D004194,skos:exactMatch,skos:mappingRelation,DOID:1074,kidney failure,http://purl.obolibrary.org/obo/DOID_4,semapv:ManualMappingCuration,https://creativecommons.org/licenses/by/4.0/,orcid:0000-0002-7500-8096,
http://id.nlm.nih.gov/mesh/D051437,Renal Insufficiency,http://id.nlm.nih.gov/mesh/D004194,skos:exactMatch,skos:mappingRelation,HP:0000083,Renal insufficiency,http://purl.obolibrary.org/obo/HP_0000118,semapv:ManualMappingCuration,https://creativecommons.org/licenses/by/4.0/,orcid:0000-0002-7500-8096,
http://id.nlm.nih.gov/mesh/D051437,Renal Insufficiency,http://id.nlm.nih.gov/mesh/D004194,skos:exactMatch,skos:mappingRelation,MONDO:0001106,kidney failure,http://purl.obolibrary.org/obo/MONDO_0000001,semapv:ManualMappingCuration,https://creativecommons.org/licenses/by/4.0/,orcid:0000-0002-7500-8096,
http://id.nlm.nih.gov/mesh/D052159,Frasier Syndrome,http://id.nlm.nih.gov/mesh/D004194,skos:exactMatch,skos:mappingRelation,DOID:0050438,Frasier syndrome,http://purl.obolibrary.org/obo/DOID_4,semapv:ManualMappingCuration,https://creativecommons.org/licenses/by/4.0/,orcid:0000-0002-7500-8096,
http://id.nlm.nih.gov/mesh/D052159,Frasier Syndrome,http://id.nlm.nih.gov/mesh/D004194,skos:exactMatch,skos:mappingRelation,MONDO:0007635,Frasier syndrome,http://purl.obolibrary.org/obo/MONDO_0000001,semapv:ManualMappingCuration,https://creativecommons.org/licenses/by/4.0/,orcid:0000-0002-7500-8096,
http://id.nlm.nih.gov/mesh/D052177,"Kidney Diseases, Cystic",http://id.nlm.nih.gov/mesh/D004194,skos:exactMatch,skos:mappingRelation,DOID:2975,cystic kidney disease,http://purl.obolibrary.org/obo/DOID_4,semapv:ManualMappingCuration,https://creativecommons.org/licenses/by/4.0/,orcid:0000-0002-7500-8096,
http://id.nlm.nih.gov/mesh/D052177,"Kidney Diseases, Cystic",http://id.nlm.nih.gov/mesh/D004194,skos:exactMatch,skos:mappingRelation,HP:0000107,Renal cyst,http://purl.obolibrary.org/obo/HP_0000118,semapv:ManualMappingCuration,https://creativecommons.org/licenses/by/4.0/,orcid:0000-0002-7500-8096,
http://id.nlm.nih.gov/mesh/D052177,"Kidney Diseases, Cystic",http://id.nlm.nih.gov/mesh/D004194,skos:exactMatch,skos:mappingRelation,MONDO:0002473,cystic kidney disease,http://purl.obolibrary.org/obo/MONDO_0000001,semapv:ManualMappingCuration,https://creativecommons.org/licenses/by/4.0/,orcid:0000-0002-7500-8096,
http://id.nlm.nih.gov/mesh/D053018,Pyonephrosis,http://id.nlm.nih.gov/mesh/D004194,skos:exactMatch,skos:mappingRelation,MONDO:0021750,pyonephrosis,http://purl.obolibrary.org/obo/MONDO_0000001,semapv:ManualMappingCuration,https://creativecommons.org/licenses/by/4.0/,orcid:0000-0002-7500-8096,
http://id.nlm.nih.gov/mesh/D053040,Nephrolithiasis,http://id.nlm.nih.gov/mesh/D004194,skos:exactMatch,skos:mappingRelation,HP:0000787,Nephrolithiasis,http://purl.obolibrary.org/obo/HP_0000118,semapv:ManualMappingCuration,https://creativecommons.org/licenses/by/4.0/,orcid:0000-0002-7500-8096,
http://id.nlm.nih.gov/mesh/D053040,Nephrolithiasis,http://id.nlm.nih.gov/mesh/D004194,skos:exactMatch,skos:mappingRelation,MONDO:0008171,nephrolithiasis,http://purl.obolibrary.org/obo/MONDO_0000001,semapv:ManualMappingCuration,https://creativecommons.org/licenses/by/4.0/,orcid:0000-0002-7500-8096,
http://id.nlm.nih.gov/mesh/D053098,Familial Hypophosphatemic Rickets,http://id.nlm.nih.gov/mesh/D004194,skos:exactMatch,skos:mappingRelation,DOID:0050445,X-linked dominant hypophosphatemic rickets,http://purl.obolibrary.org/obo/DOID_4,semapv:ManualMappingCuration,https://creativecommons.org/licenses/by/4.0/,orcid:0000-0002-7500-8096,
http://id.nlm.nih.gov/mesh/D053098,Familial Hypophosphatemic Rickets,http://id.nlm.nih.gov/mesh/D004194,skos:exactMatch,skos:mappingRelation,MONDO:0020720,X-linked hypophosphatemic rickets,http://purl.obolibrary.org/obo/MONDO_0000001,semapv:ManualMappingCuration,https://creativecommons.org/licenses/by/4.0/,orcid:0000-0002-7500-8096,
http://id.nlm.nih.gov/mesh/D053099,Azotemia,http://id.nlm.nih.gov/mesh/D004194,skos:exactMatch,skos:mappingRelation,HP:0002157,Azotemia,http://purl.obolibrary.org/obo/HP_0000118,semapv:ManualMappingCuration,https://creativecommons.org/licenses/by/4.0/,orcid:0000-0002-7500-8096,
http://id.nlm.nih.gov/mesh/D053579,Gitelman Syndrome,http://id.nlm.nih.gov/mesh/D004194,skos:exactMatch,skos:mappingRelation,DOID:0050450,Gitelman syndrome,http://purl.obolibrary.org/obo/DOID_4,semapv:ManualMappingCuration,https://creativecommons.org/licenses/by/4.0/,orcid:0000-0002-7500-8096,
http://id.nlm.nih.gov/mesh/D053579,Gitelman Syndrome,http://id.nlm.nih.gov/mesh/D004194,skos:exactMatch,skos:mappingRelation,MONDO:0009904,Gitelman syndrome,http://purl.obolibrary.org/obo/MONDO_0000001,semapv:ManualMappingCuration,https://creativecommons.org/licenses/by/4.0/,orcid:0000-0002-7500-8096,
http://id.nlm.nih.gov/mesh/D053653,Pyelocystitis,http://id.nlm.nih.gov/mesh/D004194,skos:exactMatch,skos:mappingRelation,MONDO:0021746,pyelocystitis,http://purl.obolibrary.org/obo/MONDO_0000001,semapv:ManualMappingCuration,https://creativecommons.org/licenses/by/4.0/,orcid:0000-0002-7500-8096,
http://id.nlm.nih.gov/mesh/D056929,Liddle Syndrome,http://id.nlm.nih.gov/mesh/D004194,skos:exactMatch,skos:mappingRelation,DOID:0050477,Liddle syndrome,http://purl.obolibrary.org/obo/DOID_4,semapv:ManualMappingCuration,https://creativecommons.org/licenses/by/4.0/,orcid:0000-0002-7500-8096,
http://id.nlm.nih.gov/mesh/D056929,Liddle Syndrome,http://id.nlm.nih.gov/mesh/D004194,skos:exactMatch,skos:mappingRelation,MONDO:0008323,Liddle syndrome,http://purl.obolibrary.org/obo/MONDO_0000001,semapv:ManualMappingCuration,https://creativecommons.org/licenses/by/4.0/,orcid:0000-0002-7500-8096,
http://id.nlm.nih.gov/mesh/D057973,Dent Disease,http://id.nlm.nih.gov/mesh/D004194,skos:exactMatch,skos:mappingRelation,DOID:0050699,Dent disease,http://purl.obolibrary.org/obo/DOID_4,semapv:ManualMappingCuration,https://creativecommons.org/licenses/by/4.0/,orcid:0000-0002-7500-8096,
http://id.nlm.nih.gov/mesh/D057973,Dent Disease,http://id.nlm.nih.gov/mesh/D004194,skos:exactMatch,skos:mappingRelation,MONDO:0015612,Dent disease,http://purl.obolibrary.org/obo/MONDO_0000001,semapv:ManualMappingCuration,https://creativecommons.org/licenses/by/4.0/,orcid:0000-0002-7500-8096,
http://id.nlm.nih.gov/mesh/D058186,Acute Kidney Injury,http://id.nlm.nih.gov/mesh/D004194,skos:exactMatch,skos:mappingRelation,DOID:3021,acute kidney failure,http://purl.obolibrary.org/obo/DOID_4,semapv:ManualMappingCuration,https://creativecommons.org/licenses/by/4.0/,orcid:0000-0002-7500-8096,
http://id.nlm.nih.gov/mesh/D058186,Acute Kidney Injury,http://id.nlm.nih.gov/mesh/D004194,skos:exactMatch,skos:mappingRelation,HP:0001919,Acute kidney injury,http://purl.obolibrary.org/obo/HP_0000118,semapv:ManualMappingCuration,https://creativecommons.org/licenses/by/4.0/,orcid:0000-0002-7500-8096,
http://id.nlm.nih.gov/mesh/D058186,Acute Kidney Injury,http://id.nlm.nih.gov/mesh/D004194,skos:exactMatch,skos:mappingRelation,MONDO:0002492,acute kidney failure,http://purl.obolibrary.org/obo/MONDO_0000001,semapv:ManualMappingCuration,https://creativecommons.org/licenses/by/4.0/,orcid:0000-0002-7500-8096,
http://id.nlm.nih.gov/mesh/D059228,Renal Nutcracker Syndrome,http://id.nlm.nih.gov/mesh/D004194,skos:exactMatch,skos:mappingRelation,MONDO:0019105,renal nutcracker syndrome,http://purl.obolibrary.org/obo/MONDO_0000001,semapv:ManualMappingCuration,https://creativecommons.org/licenses/by/4.0/,orcid:0000-0002-7500-8096,
http://id.nlm.nih.gov/mesh/D059347,Cardio-Renal Syndrome,http://id.nlm.nih.gov/mesh/D004194,skos:exactMatch,skos:mappingRelation,MONDO:0044079,cardio-renal syndrome,http://purl.obolibrary.org/obo/MONDO_0000001,semapv:ManualMappingCuration,https://creativecommons.org/licenses/by/4.0/,orcid:0000-0002-7500-8096,
http://id.nlm.nih.gov/mesh/D065766,Atypical Hemolytic Uremic Syndrome,http://id.nlm.nih.gov/mesh/D004194,skos:exactMatch,skos:mappingRelation,MONDO:0016244,atypical hemolytic-uremic syndrome,http://purl.obolibrary.org/obo/MONDO_0000001,semapv:ManualMappingCuration,https://creativecommons.org/licenses/by/4.0/,orcid:0000-0002-7500-8096,
